<?xml version="1.0" encoding="UTF-8"?>
<configuration debug="false">
    <!--定义日志文件的存储地址 勿在 LogBack 的配置中使用相对路径-->
    <property name="LOG_HOME" value="/home/ubuntu/java/logs/java_demo" />
    <!-- 控制台输出 -->
    <appender name="STDOUT" class="ch.qos.logback.core.ConsoleAppender">
        <encoder class="ch.qos.logback.classic.encoder.PatternLayoutEncoder">
            <!--格式化输出：%d表示日期，%thread表示线程名，%-5level：级别从左显示5个字符宽度%mybatis：日志消息，%n是换行符-->
            <pattern>%d{yyyy-MM-dd HH:mm:ss.SSS} [%thread] %-5level %logger{50} - %msg%n</pattern>
            <charset>UTF-8</charset>
        </encoder>
    </appender>
    <!-- 按照每天生成日志文件 -->
    <appender name="FILE"
              class="ch.qos.logback.core.rolling.RollingFileAppender">
        <File>${LOG_HOME}/demo.log</File>
        <rollingPolicy
                class="ch.qos.logback.core.rolling.TimeBasedRollingPolicy">
            <FileNamePattern>
                ${LOG_HOME}/demo-%d{yyyy-MM-dd}.log.zip
            </FileNamePattern>
            <maxHistory>7</maxHistory>
            <totalSizeCap>5GB</totalSizeCap>
        </rollingPolicy>
        <!--日志输入格式化，从左到右依次为：
       输出时间；日志级别；生成日志事件的当前线程；对生成器包名进行简化com.test.HomeController 会打印成c.t.HomeController；日志请求的文件，及所在的行号，会影响性能，建议不要配置;打印日志消息，换行
      -->
        <encoder>
            <pattern>%d{YYYY-MM-dd HH:mm:ss.SSS} %level [%thread] %logger{10} [%file:%line] %msg%n</pattern>
            <charset>UTF-8</charset>
        </encoder>
    </appender>

    <!--myibatis log configure-->
    <logger name="com.apache.ibatis" level="TRACE"/>
    <logger name="java.sql.Connection" level="DEBUG"/>
    <logger name="java.sql.Statement" level="DEBUG"/>
    <logger name="java.sql.PreparedStatement" level="DEBUG"/>

    <!-- 日志输出级别 -->
    <!--DEBUG-->
    <root level="INFO">
        <appender-ref ref="STDOUT" />
        <appender-ref ref="FILE" />
    </root>
</configuration>